{
  "movies": [
    {
      "name": "Jawan",
      "location": "Dwarka Sector 14, New Delhi",
      "audis": [
        {
          "type": "4DX",
          "series": ["J", "H", "F", "E", "D", "C", "B", "A"],
          "row_section": 3,
          "seat": 24,
          "seats": {
            "j": [2, 6, 24, 23, 7, 16, 17, 18, 19, 13, 12],
            "h": [1, 2, 78, 20, 23, 8, 11, 18, 19, 13, 12],
            "f": [5, 6, 15, 17, 18],
            "e": [2, 7, 8, 17, 18],
            "d": [5, 16, 15, 23, 22],
            "c": [1, 2, 11, 12, 19],
            "b": [8, 5],
            "a": [],
            "price": [800, 800, 560, 560, 560, 560, 430, 430]
          },
          "dates": [
            {
              "date": 2,
              "available": true
            },
            {
              "date": 3,
              "available": true
            }
          ],
          "img": "img/jawan.jpg",
          "video": "video/Jawan Official Trailer-(HDvideo9).mp4",
          "background": "img/bg.png"
        }
      ]
    },
    {
      "name": "Gadar2",
      "location": "Dwarka Sector 14, New Delhi",
      "audis": [
        {
          "type": "4DX",
          "series": ["J", "H", "F", "E", "D", "C", "B", "A"],
          "row_section": 3,
          "seat": 24,
          "seats": {
            "j": [3, 8, 21, 22, 9, 13, 16, 18, 20, 12, 15],
            "h": [5, 6, 8, 19, 24, 8, 13, 19, 21, 12, 11],
            "f": [1, 3, 13, 15, 22],
            "e": [3, 9, 10, 20, 24],
            "d": [7, 12, 9, 21, 20],
            "c": [6, 8, 11, 12, 19],
            "b": [8, 5, 12, 13, 14],
            "a": [],
            "price": [800, 800, 560, 560, 560, 560, 430, 430]
          },
          "dates": [
            {
              "date": 2,
              "available": true
            },
            {
              "date": 3,
              "available": true
            }
          ],
          "img": "img/Gadar2.jpg",
          "video": "video/Gadar2 Official Trailer - 11th August - Sunny Deol - Ameesha Patel - Anil Sharma - Zee Studios.mp4",
          "background": "img/gadar_bg.jpg"
        }
      ]
    }
  ],
  "bookings": [
    {
      "id": 1,
      "movie": "Jawan",
      "audiIndex": 0,
      "date": 2,
      "selectedSeats": [
        {
          "seat_no": "20",
          "seat_sr": "j",
          "seat_price": "800"
        },
        {
          "seat_no": "21",
          "seat_sr": "j",
          "seat_price": "800"
        },
        {
          "seat_no": "22",
          "seat_sr": "j",
          "seat_price": "800"
        }
      ]
    },
    {
      "id": 2,
      "movie": "Jawan",
      "audiIndex": 0,
      "date": 2,
      "selectedSeats": [
        {
          "seat_no": "20",
          "seat_sr": "j",
          "seat_price": "800"
        },
        {
          "seat_no": "21",
          "seat_sr": "j",
          "seat_price": "800"
        },
        {
          "seat_no": "22",
          "seat_sr": "j",
          "seat_price": "800"
        }
      ]
    }
  ]
}
